Name,Location,Price,Beds Availability,Single Sharing,Twin Sharing,Triple Sharing,Four Sharing
SPG/Paying Guest Men's PG/Paying Guest,  Madhapur,8000,Beds Available,27000,12000,0,7500
Manjula Luxury PG/Paying Guest For MEN'S,  Gowlidoddy,8000,Beds Available,18000,0,10000,0
ASIAN LIVING PREMIUM STUDIO ROOMS PG/Paying Guest,  Gowlidoddy,11000,Beds Available,30000,13000,0,9000
SRAVANI LUXURY WOMENS PG/Paying Guest AND HOSTEL,"  Fancial District, Nanakram Guda",6500,Beds Available,20000,0,9000,0
Sugathi Hometel PG/Paying Guest For Women,  Nanakaramguda,7000,Beds Available,16000,12000,0,8000
MS Comforts Women's PG/Paying Guest,  Gachibowli,8000,Beds Available,18000,0,0,0
ASHOK REDDY PG/Paying Guest FOR MEN,  Kondapur,6499,Beds Available,9000,0,8500,0
SKY LINE CO LIVING PG/Paying Guest,  Gachibowli,18000,Beds Available,30000,10000,0,0
R3 ATMOS LIVE THE SWAG PG/Paying Guest,  Hitex Road,11000,Beds Available,28000,0,8500,6500
SVS Co living Stays PG/Paying Guest,  Kondapur,10000,Beds Available,12000,11500,8500,0
Le bestow coliving - Bhuvan PG/Paying Guest,  Kondapur,12000,Beds Available,20000,0,0,0
RRR COMFORT STAY WOMENS separate building MENS And COLIVE separate building PG/Paying Guest,  Gachibowli,8000,Beds Available,20000,15000,12000,0
TULASI PREMIUM CO LIVING AND GUEST ROOMS PG/Paying Guest,  Kondapur,10000,Beds Available,24000,0,0,0
My Spaces Luxury Men's PG/Paying Guest,  Kondapur,9500,Beds Available,22000,13000,10000,7000
N GRAND MEN'S PG/Paying Guest,  Kondapur,10000,Beds Available,22000,0,0,0
LAKSHMI WOMENS PG/Paying Guest AND HOSTEL,  Gachibowli,8000,Beds Available,20000,12500,10000,9500
SAI GRAND MEN'S AND WOMEN'S CO LIVING PG/Paying Guest,  Gowlidoddy,7000,Beds Available,22000,0,0,0
COZY EXECUTIVE WOMEN'S PG/Paying Guest,  Gachibowli,7500,Beds Available,18000,11000,9000,0
Estay Executive Men's PG/Paying Guest,  Hitech City,7500,Beds Available,22000,0,0,0
Anjali Executive luxury Women s PG/Paying Guest and Guest Rooms,  Gachibowli,9000,Beds Available,15000,10000,7500,7500
Anupama Co-Living PG/Paying Guest,  Madhapur,8000,Beds Available,24000,0,0,0
SLV GRAND CO LIVING PG/Paying Guest,  Madhapur,10000,Beds Available,22000,8000,7500,6500
PVS DREAMS CO LIVING PG/Paying Guest,"  Kukatpally, NH 9",9000,Beds Available,19000,0,0,0
Sri Balaji Premium Spaces For Women and Men Separately PG/Paying Guest,  Kondapur,6500,Beds Available,20000,11000,8000,0
SV VIHANG CO LIVING PG/Paying Guest,  TNGOS Colony,7500,Beds Available,16000,0,0,0
SRI RAMA CO-LIVING PG/Paying Guest,  Kondapur,8000,Beds Available,19000,11000,9500,0
Manoj Co Living Spaces PG/Paying Guest,  Ayyappa Society,9500,Beds Available,21000,0,0,7000
GOPI MEN'S PG/Paying Guest,  Kondapur,7000,Beds Available,20000,10000,8000,0
TECHIES ELITE CO-LIVING PG/Paying Guest,"  Hafeezpet, NH 9",9500,Beds Available,26000,0,0,6500
Trinity Co-Living PG/Paying Guest,  Madhapur,11000,Beds Available,24000,15500,12500,0
SRIKARA MENS PG/Paying Guest AND HOSTEL,  Madhapur,7500,Beds Available,15000,0,0,7000
Eswar Grand Man's and Women's PG/Paying Guest,  Anjaiah Nagar Gachibowli,6500,Beds Available,17000,14000,11000,0
Sasya Elite Co-Living PG/Paying Guest,  Gachibowli,12500,Beds Available,22500,0,0,0
SVS Co living Stays PG/Paying Guest,  Kondapur,9000,Beds Available,18000,0,0,0
Orion Co-Living PG/Paying Guest,  Madhapur,14000,Beds Available,27000,10500,8500,7500
Sri kanaka Durga men's PG/Paying Guest,  Madhapur,7000,Beds Available,17000,0,0,7500
Evernest Co-Living PG/Paying Guest,"  Fancial District, Nanakram Guda",6500,Beds Available,18000,10000,8000,0
Laxmi Kalavathi Grand Mens PG/Paying Guest and CoLive,  Gachibowli,7000,Beds Available,19000,0,0,0
TechNest Coliving PG/Paying Guest,  Hitech City,10000,Beds Available,20000,12500,0,9000
Stay In PG/Paying Guest and Co-Living,  Kondapur,8000,Beds Available,18000,0,9000,0
HACK N SLEEP LIVING INN WOMEN'S PG/Paying Guest,"  Kokapet, Outer Rg Road",7500,Beds Available,19000,11000,0,0
VEDANSHIKA MENS AND WOMENS PG/Paying Guest,  Gachibowli,7500,Beds Available,11000,0,0,7500
Anjali's Women PG/Paying Guest,  Madhapur,12000,Beds Available,15000,14000,9000,0
SIRI INN CO LIVING PG/Paying Guest AND GUEST HOUSE,  Gachibowli,15000,Beds Available,28000,0,0,7000
KOUSHIK REDDY MEN'S AND WOMEN'S PG/Paying Guest,  Madhapur,8000,Beds Available,23000,11000,8500,6500
AVR SRI LAXMI BALAJI MENS HOSTEL PG/Paying Guest,  Kondapur,7500,Beds Available,20000,0,0,0
Karthikeya Abhiraam Ladies PG/Paying Guest Accomodation,  Indira Nagar Gachibowli,7000,Beds Available,17000,10000,8000,0
Sri Ram Grand Men's PG/Paying Guest,  Gowlidoddy,6500,Beds Available,7500,0,0,0
R3 JKC Grand Colive PG/Paying Guest,  Madhapur,13999,Beds Available,23999,10000,10000,6500
Green Homes Co-living DLF PG/Paying Guest,  Gachibowli,20000,Beds Available,38000,0,0,0
Sai Lucky Luxury Men's PG/Paying Guest Accommodation -Monthly and Daily Basis,"  Tukkuguda, Srisailam Highway",5000,Beds Available,12000,14000,8000,0
SAI PG/Paying Guest FOR WOMEN'S HOSTELS,  Anjaiah Nagar Gachibowli,7000,Beds Available,18000,0,0,7000
BRUNDAVAN CO LIVING PG/Paying Guest,  Indira Nagar Gachibowli,12000,Beds Available,20000,9000,8500,0
Happy living luxury womens PG/Paying Guest hostel,  Siddiq Nagar Hitech City,7000,Beds Available,8000,0,9000,7000
GURU MENS PG/Paying Guest AND HOSTEL,  TNGOS Colony,5500,Beds Available,7500,11000,12000,6000
SRINIVASA WOMENS PG/Paying Guest AND HOSTEL,  Rai Durg,6500,Beds Available,10000,11000,0,0
Devi's Nest for Women and Co Living Married cpl only PG/Paying Guest,  Old Alwal,8000,Beds Available,15000,15000,0,7000
Nova Living PG/Paying Guest,"  Fancial District, Nanakram Guda",11500,Beds Available,15000,0,10000,0
Sasya Elite Co-Living PG/Paying Guest,  Gachibowli,10500,Beds Available,20000,15000,0,0
RRR Coliving and Guest Rooms PG/Paying Guest,  Kondapur,10000,Beds Available,25000,0,0,8000
BOTANICA LUXURY CO LIVING SPACES PG/Paying Guest,  Kondapur,15999,Beds Available,28999,13000,8500,11500
COZY CO-LIVING PG/Paying Guest,  Gowlidoddy,12000,Beds Available,25000,0,0,0
Sri Sathyadeva Co-living Men's And Woman's PG/Paying Guest,  Gowlidoddy,7500,Beds Available,22000,0,8000,0
Vijaya Womens PG/Paying Guest Hostel,  Gowlidoddy,7000,Beds Available,20000,10000,7500,0
VIGNESWARA WOMENS LUXURY PG/Paying Guest,  Kondapur,8500,Beds Available,15000,0,0,0
PG/Paying Guestians Nest,  Madhapur,8499,Beds Available,26499,10000,0,0
SRI MONISH WOMENS PG/Paying Guest AND HOSTEL,  Gachibowli,7000,Beds Available,13000,0,0,0
VANSHIKA MENS LUXURY PG/Paying Guest AND GUEST HOUSE,  Madhapur,7000,Beds Available,15000,13999,7500,7500
SV VIHANG CO LIVING PG/Paying Guest,  TNGOS Colony,7500,Beds Available,16000,0,0,0
SS CO LIVING and PG/Paying Guest HOSTEL,  Kondapur,6500,Beds Available,20000,20000,0,7000
Sagar Luxury Co-Living PG/Paying Guest,"  Hafeezpet, NH 9",8500,Beds Available,18000,0,8000,8500
AG Co-Living Spaces PG/Paying Guest,"  Fancial District, Nanakram Guda",7599,Beds Available,17999,8500,0,0
AG Co-Living 1 RK Flats For Men's and Women's PG/Paying Guest,"  Fancial District, Nanakram Guda",8999,Beds Available,13999,0,12000,8499
Mukunda PG/Paying Guest for mens,  Anjaiah Nagar Gachibowli,6500,Beds Available,15000,0,8000,8000
Marine stay PG/Paying Guest,  Madhapur,9500,Beds Available,24000,10000,7500,0
Krishna Kripa Residency PG/Paying Guest,"  Kukatpally Housg Board Colony, NH 9",8500,Beds Available,10000,0,0,0
Samba Siva PG/Paying Guest for Men and Women,  Hitech City,7000,Beds Available,25000,15000,8000,0
Anjali women PG/Paying Guest accommodation,"  Uppal, NH 2 2",6000,Beds Available,7500,0,0,7000
Executive PG/Paying Guest for Girls and boys,  ECIL,4600,Beds Available,7400,10000,0,0
KESHAVA LOTUS WOMEN'S AND MEN'S PREMIUM LUXURY PG/Paying Guest HOSTEL GUEST ROOMS,  Nanakaramguda,7000,Beds Available,15000,0,10000,0
Athidhi Pure Veg PG/Paying Guest,  Jubilee Hills,16500,Beds Available,16500,0,12500,6500
Home Stay Co-live Space PG/Paying Guest,  Kondapur,10000,Beds Available,20000,10000,0,0
PG/Paying Guest for Girls,  Adikmet,5000,Beds Available,5000,15000,0,0
Colive 510 Madison PG/Paying Guest,  Kondapur,6000,Beds Available,16000,0,10000,0
SHINE Executive Boys Hostel PG/Paying Guest,"  LB Nagar, NH 9",5000,Beds Available,7000,10500,0,0
Vaibhav Men's hostel PG/Paying Guest,"  Ameerpet, NH 9",7000,Beds Available,12000,0,0,0
The Heritage PG/Paying Guest,"  Punjagutta, NH 9",7000,Beds Available,9000,12500,0,0
Affordable PG/Paying Guest,  Madhapur,6000,Beds Available,10000,0,12000,6500
Mothers Nest PG/Paying Guest,"  LB Nagar, NH 9",5000,Beds Available,7000,0,0,0
Home Stay Zone PG/Paying Guest,  Madhapur,5500,Beds Available,12000,15999,8500,0
Krishna Kripa Residency PG/Paying Guest,  Phase 2 KPHB,9000,Beds Available,13000,0,0,0
Elite Coliving Luxury PG/Paying Guest for Men and Women,  Gowlidoddy,7000,,20000,16000,8000,7000
HelloWorld Firadus PG/Paying Guest,  Phase 9 KPHB,7500,,13000,0,11500,8500
Sri Lakshmi Balaji Men's PG/Paying Guest.,  Hitech City,6000,,8000,12000,0,6000
Asha PG/Paying Guest,"  Abids, NH 7",5000,,5000,0,11499,0
Lakshmi Ganapathi Deluxe Women's PG/Paying Guest,  Adibatla,7000,,16000,11000,9500,0
Luxury Accommodation PG/Paying Guest,  Kamalapuri Colony,6000,,10000,15000,0,7000
Railway station and bus station opposite independent house PG/Paying Guest,  Secunderabad,3000,,3000,0,0,0
Sri Sai Boys Hostel PG/Paying Guest,"  Kokapet, Outer Rg Road",6500,,7000,13499,0,0
Nexin PG/Paying Guest for Gents,  Sri Sai Nagar Madhapur,6500,,18000,13000,8000,0
Vamshi Rishi Apts PG/Paying Guest,  Begumpet,20000,,20000,0,0,5500
NAVYA PG/Paying Guest,  Miyapur Road,28000,,28000,0,7500,0
Marvel Homes PG/Paying Guest For Men And Women,"  Pragathi Nagar, Kukatpally",5500,,16000,0,0,0
Aaa PG/Paying Guest,  Nallagandla Tellapur Road,12000,,12000,9500,8000,7000
Tulasi Mens PG/Paying Guest Accommodation,  Anjaiah Nagar Gachibowli,9000,,16000,0,0,0
Single Room in a 1 Bhk apartment,  Hayathnagar Khalsa,6000,,6000,8000,8500,7000
Bed in a 3 Bhk apartment,  Gayatri Nagar Peerzadiguda,15000,,15000,0,0,0
Bed in a 2 Bhk apartment,  Jubilee Hills,9000,,9000,10000,7599,0
AR Mens PG/Paying Guest Hostel,"  Tellapur, Outer Rg Road",5500,,5500,0,0,0
Sri Shiva Sai Luxury Mens Hostel PG/Paying Guest,  Madhapur,5500,,9500,12000,0,5500
Sri Gayathri The Men's PG/Paying Guest and Hostel,  Nanakaramguda,6000,,18000,0,0,0
Rest Inn PG/Paying Guest and Accommodation,"  Hafeezpet, NH 9",7000,,7000,8999,0,0
Maruthi Men's PG/Paying Guest and Hostel,  Madhapur,6500,,21000,0,7500,0
Ruthvik Men's Luxury Hostel PG/Paying Guest,  Madhapur,5000,,12000,0,0,7000
Venkateshwara Hostels Men and Women's PG/Paying Guest,  Gowlidoddy,7500,,15000,8999,9500,0
Balaji PG/Paying Guest for Men's,  Chanda Nagar,5000,,10000,0,8500,6000
Sai Krian Deluxe Mens PG/Paying Guest,  Gowlidoddy,5500,,14000,0,0,0
AB Women's PG/Paying Guest,  Gachibowli,6000,,14000,9000,0,0
Shiva Kripa luxury Women's PG/Paying GuestH Hostel,  Kondapur,6500,,14000,0,9000,7000
ARK Infra Developers Pvt.Lvt PG/Paying Guest,  Gajularamaram,22500,,22500,14000,6500,0
Sai Poojitha Ladies PG/Paying Guest,  Indira Nagar Gachibowli,7500,,9000,10000,0,0
Mirza Heights PG/Paying Guest,  AC Guards,7000,,7000,0,0,3000
Arvind PG/Paying Guest,  Hyderguda,6000,,10000,0,7500,0
Metro City The Mens Executive Hostel PG/Paying Guest,"  Punjagutta Market, Punjagutta",6700,,14000,13000,0,6500
Sri Balaji Executive Women's Hostel PG/Paying Guest,  Sri Sai Nagar Madhapur,7500,,9500,7500,0,0
The Better inn PG/Paying Guest,  Shamshabad,9000,,18000,0,6000,6500
Sampath Nivas PG/Paying Guest,  Saidabad,60000,,60000,4600,0,0
Boy and Girl PG/Paying Guest,"  Ameerpet, NH 9",5000,,12000,0,6000,0
Krishna Kripa Residency PG/Paying Guest,"  Kukatpally Housg Board Colony, NH 9",12000,,12000,8500,0,0
Krishna PG/Paying Guest,  PV Narasimha Rao Expressway,2500,,10000,16500,0,5500
Nexin Co-Live PG/Paying Guest,"  Kokapet, Outer Rg Road",6000,,17000,0,7500,0
Shri Mahalakshmi Deluxe Men's Hostel PG/Paying Guest,  Madhapur,5500,,7500,10000,0,0
Bed in a 2 Bhk apartment,  Suchitra Road,13000,,13000,5000,7500,0
Quadri's Apartment PG/Paying Guest,  Humayun Nagar,5000,,10000,0,0,5500
Bed in a 1 Bhk apartment,  Musheerabad,5600,,5600,8000,6000,6500
Bed in a 1 Bhk apartment,"  Punjagutta, NH 9",12000,,12000,0,0,0
Surya Luxury Men's Hostel PG/Paying Guest,"  Ameerpet, NH 9",5200,,5200,6500,0,0
Single Room in a 1 Bhk apartment,"  Boduppal, NH 2 2",6500,,6500,0,6000,6000
Sri Ganesh Nivas PG/Paying Guest,  Begumpet,6500,,6500,0,0,0
Bed in a 2 Bhk apartment,  Chanda Nagar,11000,,11000,9500,0,6500
Bed in a 3 Bhk apartment,  Saikpuri,1111,,1111,0,9000,0
Bed in a 3 Bhk apartment,  Nanakaramguda,10000,,10000,9500,0,5000
Bed in a 3 Bhk apartment,  Kondapur,15600,,15600,0,8500,0
Mid Town PG/Paying Guest,  Jubilee Hills,13000,,13000,8000,0,0
Sai Padmavathi Ladies Hostel PG/Paying Guest,  Addagutta Society,5500,,5500,0,7000,5000
Bed in a 3 Bhk apartment,  Madhapur,22000,,22000,5000,0,0
Sri Vishnu Sai Deluxe Hostel PG/Paying Guest,"  Miyapur, NH 9",6000,,8500,0,0,5500
Lakshmi Boys Hostel PG/Paying Guest,"  Banjara Hills, NH 9",7200,,10400,8000,7500,0
Sri Lakshmi Narasimha Sri Sai Men's Hostel PG/Paying Guest,"  Yella Reddy Guda, NH 9",7200,,7200,0,0,6000
Triveni Ladies Deluxe Hostel PG/Paying Guest,"  Kukatpally, NH 9",5900,,17600,0,6000,0
SSN MEN'S PG/Paying Guest And HOSTEL,  Madhapur,9100,,9100,10500,0,0
Kv Reddy Boys And Working Mens Hostel PG/Paying Guest,"  Uppal, NH 2 2",4600,,5200,0,3000,7500
Goldy PG/Paying Guest,"  Ameerpet, NH 9",9800,,9800,10000,0,0
Bed in a 3 Bhk apartment,  Madhapur,7400,,7400,0,7000,0
Sri Ramani Girls PG/Paying Guest home,"  Pragathi Nagar, Kukatpally",8000,,8000,7500,0,7500
Smart Homes For Gilrs PG/Paying Guest,  Gachibowli,9100,,16500,8000,7500,0
Sudha Aravind Womens PG/Paying Guest,  Madhapur,8500,,16500,0,0,60000
Room/Bed in a 2 Bhk apartment,  Gachibowli,13000,,13000,0,0,0
Chandu Luxury Men's PG/Paying Guest Hostel,  Madhapur,10400,,17600,9500,0,0
Yuvanshika Womens PG/Paying Guest,  Gachibowli,8500,,16900,0,6500,0
Single Room in a 3 Bhk apartment,  Raj Bhavan Road,10500,,10500,7000,0,6000
Radhe Colive PG/Paying Guest,  Madhapur,9000,,22000,0,0,0
Single Room in a 1 Bhk apartment,"  Goutham Nagar, Secunderabad",8000,,8000,3000,0,5500
Aashraya Guest House PG/Paying Guest Coliving,  Madhapur,8500,,21000,0,15000,0
Nandini PG/Paying Guest Accommdation And Hostel For Women,  Kondapur,5000,,7000,0,5500,0
Single Room in a 1 Bhk apartment,  Lgampally Serilgampalle,8500,,8500,10000,7500,5200
Venkatashivasai PG/Paying Guest And Men's Hostel,  Addagutta Society,5000,,11000,0,0,0
Renuka Boys Hostel PG/Paying Guest,  Phase 3 KPHB,5000,,7000,0,0,0
Bed in a 2 Bhk apartment,"  Padmarao Nagar, Hyderabad-Karimnagar Highway",3500,,3500,0,7000,0
Nextgen Premium Boy's Hostel PG/Paying Guest,  Indira Nagar Gachibowli,6500,,8500,7500,7000,5500
Srivari Luxury Boys Hostel PG/Paying Guest,"  Yousufguda, NH 9",8000,,8000,0,0,0
Sunset Destination Girls PG/Paying Guest Hostel,  Medipally,4800,,6000,12000,7500,0
Sri Mallikarjun Executive Ladies Hostel PG/Paying Guest,"  Ameerpet, NH 9",4000,,4500,0,0,5900
Bed in a 3 Bhk apartment,  Begumpet,5000,,5000,9000,6000,0
Lakshmi Ganapathi Deluxe Women PG/Paying Guest,  Adibatla,7000,,15000,0,0,4600
Sai Tirumala Mens PG/Paying Guest,  Anjaiah Nagar Gachibowli,6500,,15000,9000,7500,0
Paigah PG/Paying Guest,  Begumpet,6000,,8000,9500,0,8000
Saibaba PG/Paying Guest Hostel,"  Pocharam, NH 2 2",8000,,8000,0,6000,0
Buddy PG/Paying Guest,"  Alkapur Township, Manikonda, Outer Rg Road",10000,,18000,0,0,0
Radhaamma Deluxe Men's Hostel PG/Paying Guest,  Gachibowli,6000,,14000,9000,6000,8500
Sri Vengamamba Boys Hostel. PG/Paying Guest,"  Uppal, NH 2 2",5000,,9000,7000,0,0
Single Room in a 1 Bhk apartment,"  Yella Reddy Guda, NH 9",3500,,3500,0,6500,0
Elite Hostel PG/Paying Guest,  Nanal Nagar Mehdipatnam,7800,,9000,10000,0,0
The Best PG/Paying Guest,  Kavuri Hills Madhapur,7000,,9000,0,6500,0
Hemu's PG/Paying Guest,  Bandlaguda Nagole,5000,,5000,7500,26000,0
Sri Siddhi Mens PG/Paying Guest Boys Hostel,"  Vengal Rao Nagar, NH 9",5000,,6500,0,0,0
Conscious Living PG/Paying Guest.,  Tarnaka,11000,,15000,9000,9000,0
PSSR PG/Paying Guest,  Gachibowli,3700,,9000,0,0,0
Single Room in a 2 Bhk apartment,  IDA Mallapur,15000,,15000,6500,6000,5000
Sehita Mens PG/Paying Guest,  Gachibowli,6500,,14000,0,0,0
Mujtaba Corporate Mens PG/Paying Guest,  Kondapur,7200,,16500,8000,6700,0
Sree padmajaa women's hostel and PG/Paying Guest,  Madhapur,9100,,17600,0,8500,5500
Hivee inn Coliving PG/Paying Guest,"  Patrika Nagar, Hitech City",10400,,16900,8500,0,0
Single Room in a 3 Bhk apartment,"  Vittal Rao Nagar, Hitech City",15000,,15000,0,9000,0
KAMAKSHI PG/Paying Guest FOR WOMEN,  Anjaiah Nagar Gachibowli,7000,,14000,8500,0,5000
Room/Bed in a 4 Bhk apartment,  Sri Sai Nagar Madhapur,6000,,16000,22500,5000,0
PG/Paying Guest,  Madhapur,8500,,8500,0,0,6500
3 BHK flat on sharing PG/Paying Guest,  Madhapur,7000,,9500,7000,2500,65000
Single Room in a 1 Bhk apartment,"  Vimala Devi Nagar Colony, Secunderabad",20000,,20000,0,0,4800
TOLET 8000SFT G Plus 3 Floors Independent House PG/Paying Guest,"  Tukkuguda, Srisailam Highway",6200,,6200,8000,7000,0
Single Room in a 1 Bhk apartment,  Pragathi Colony Meerpet,7200,,7200,0,0,4000
SBL Homes PG/Paying Guest,  Dilsukhnagar,6500,,13000,8700,6000,4000
Lakshmi Vengamamba Executive Boy's Hostel PG/Paying Guest,"  Kukatpally, NH 9",5000,,7000,9500,0,0
Home PG/Paying Guest,  West Marredpally,11100,,11100,0,0,7000
Flat No 202 PG/Paying Guest,  Begumpet,8000,,8000,12000,6500,0
SVANPLEX-1 Luxury Living PG/Paying Guest,  Gowlidoddy,7000,,9500,0,0,6500
Sai PG/Paying Guest Accommodation,  Kothaguda,8500,,10400,7000,0,0
Bed in a 2 Bhk apartment,"  Miyapur, NH 9",4000,,4000,12000,1111,0
SRM Luxury PG/Paying Guest and Hostel for Men,"  Kukatpally Housg Board Colony, NH 9",6000,,8000,0,10000,0
Sri Uma Maheshwari Hostel PG/Paying Guest,"  Banjara Hills, NH 9",6500,,6500,12000,15600,0
Bed in a 1 Bhk apartment,"  Sdhi Colony, Begumpet",3000,,3000,0,0,0
Sardar Ji's Boys Hostel PG/Paying Guest,"  Ameerpet, NH 9",4000,,4500,9000,7000,6500
Vaishnavi Homes PG/Paying Guest,  Dilsukhnagar,1300,,1300,0,0,0
Snehita Working Women's Hostel PG/Paying Guest,"  Patrika Nagar, Hitech City",5900,,5900,7000,6000,0
Sirisha Working Women's Hostel PG/Paying Guest,  Madhapur,7200,,7200,13000,0,0
Single Room in a 3 Bhk apartment,  Madhapur,13000,,13000,0,7200,5000
Bed in a 1 Bhk apartment,  Kondapur,17900,,17900,5000,17600,0
Bed in a 2 Bhk apartment,  Gachibowli,35000,,35000,5600,17600,7800
Sai Krishna Deluxe Boys Hostel PG/Paying Guest,"  Kukatpally, NH 9",5900,,5900,12000,0,7500
Sri Chilkur Balaji Swamy Boys Hostel PG/Paying Guest,"  Ameerpet, NH 9",5900,,5900,0,9100,0
Happy Guest House PG/Paying Guest,"  Banjara Hills, NH 9",1200,,1200,6500,4600,0
Bed in a 2 Bhk apartment,"  Habsiguda, NH 2 2",10000,,10000,0,0,5000
Teelashiya PG/Paying Guest,  Madhapur,7200,,7200,0,0,0
Vathsalya Mens PG/Paying Guest,  Madhapur,6500,,15600,6500,0,0
Single Room in a 1 Bhk apartment,  Mehdipatnam,5999,,5999,11000,9800,0
R Cube Livspace PG/Paying Guest,  Madhapur,5500,,16000,0,0,0
Welcome Ira Mens PG/Paying Guest And Guest House,  Madhapur,7800,,9800,5500,0,0
Bed in a 2 Bhk apartment,"  Pragathi Nagar, Kukatpally",20000,,20000,22000,10400,6500
Bed in a 4 Bhk apartment,  Madhapur,11700,,11700,0,0,0
Single Room in a 3 Bhk apartment,  Hitech City,88000,,88000,8500,8500,0
Sirisha Reddy Excutive Womens And Mens PG/Paying Guest Hostel,  Gachibowli,7500,,20000,0,0,0
Prajay Waterfront City PG/Paying Guest,  Turkapally,20000,,20000,8500,0,0
Shree Balaji Prime Stays PG/Paying Guest For Ladies,  Kavuri Hills Madhapur,7000,,9000,7200,9000,0
Peace Living Ladies Hostel PG/Paying Guest,  Kumar Basti Ameerpet,5000,,8500,0,0,0
Tawakkul Boys Hostel PG/Paying Guest,  Prakash Nagar Begumpet,7000,,7000,5200,0,6000
Aa PG/Paying Guest,  Gopanpalle,11500,,11500,5200,8500,0
Sai Nivas Women's Hostel PG/Paying Guest,  Madhapur,6000,,15000,0,0,0
Suite Rooms PG/Paying Guest,  Kondapur,5500,,8500,11700,6000,0
Bed in a 1 Bhk apartment,  Kondapur,7000,,7000,7400,0,0
Ocean Waves PG/Paying Guest,"  Sun City, Bandlaguda, Chevella Road",12000,,15000,0,0,0
Bed in a 2 Bhk apartment,  Bandlaguda Jagir,10000,,10000,9100,6000,5500
Single Room in a 3 Bhk apartment,"  Moosapet, NH 9",12000,,12000,0,0,0
Sri Shambhavi Women's Hostel PG/Paying Guest,  Madhapur,6500,,20000,12400,0,0
Single Room in a 1 Bhk apartment,"  LB Nagar, NH 9",7500,,7500,0,5500,0
Greek Olive Homes PG/Paying Guest,  PV Narasimha Rao Expressway,5000,,10000,14000,0,0
Sri Kamakshi Ladies Hostel PG/Paying Guest,"  Malakpet Extension, Old Malakpet",4500,,6800,0,7500,0
Amrutha PG/Paying Guest,  Kothapet,5000,,5000,12400,8000,0
Nest Mens Hostel PG/Paying Guest,  Madhapur,7500,,22000,0,4800,0
The Boys Hostel PG/Paying Guest,  Mehdipatnam,3800,,3800,10400,0,4000
HSC JEWELS PG/Paying Guest,  Prakash Nagar Begumpet,7000,,7000,0,0,0
Single Room in a 3 Bhk apartment,"  Kokapet, Outer Rg Road",20000,,20000,0,7500,0
MR DWELL PG/Paying Guest,  Shamshabad,15500,,15500,12000,0,0
Single Room in a 1 Bhk apartment,  Shamshabad,8000,,8000,0,7500,8500
SLN Men's Hostel PG/Paying Guest,  Jubilee Hills,6000,,13000,0,0,0
Bed in a 2 Bhk apartment,  Nagole,16500,,16500,11000,0,0
Rakesh Sharma PG/Paying Guest,  Shamshabad,8000,,8000,0,0,0
Future ISO Executive Boys Hostel PG/Paying Guest,  Begumpet,7200,,8500,7000,0,5500
PG/Paying Guest For Girls,  Lalitha Nagar Adikmet,4000,,6000,0,0,0
Shagun PG/Paying Guest For Girls,  Kompally,6000,,6000,0,7000,7800
Aishwarya Grand Men's and Women's Hostel And PG/Paying Guest,  Madhapur,5000,,10000,7500,0,0
Sudrita Women's PG/Paying Guest,  Madhapur,1000,,1000,0,0,0
Mukesh Khandelwal PG/Paying Guest Boys and Girl,"  Punjagutta, NH 9",6000,,20000,0,0,7500
JM executive womens hostel PG/Paying Guest,  Madhapur,4000,,5500,6000,5000,0
Kiran Men's and Women's Hostel and PG/Paying Guest.,  Gachibowli,7000,,15000,0,0,8000
KVR Women's PG/Paying Guest,  Madhapur,4000,,5500,3500,8000,0
Bed in a 1 Bhk apartment,"  Red Hills, Lakdikapul, NH 7",12000,,12000,8500,9000,8500
Venkateswara Men's Hostel PG/Paying Guest,  Madhapur,5000,,7000,6000,0,0
Svm Mens Hostel PG/Paying Guest,  Gachibowli,5000,,9000,0,0,0
Dhanvi Executive Women's Hostel PG/Paying Guest,  Gachibowli,6000,,12500,4500,5000,6000
"PG/Paying Guest Accommodation in West Marredpally, Hyderabad",  West Marredpally,3000,,3000,5000,0,0
AADITYA RESIDENCY PG/Paying Guest,"  Hafeezpet, NH 9",10000,,10000,0,0,0
Bed in a 3 Bhk apartment,  Saikpuri,7500,,7500,9500,0,0
Dhana Lakshmi Men's PG/Paying Guest Hostel,  Gachibowli,6000,,12000,0,3700,0
Nectar Living - Coliving PG/Paying Guest,  Madhapur,10000,,18000,8500,0,0
Single Room in a 1 Bhk apartment,"  Moosapet, NH 9",5000,,5000,0,0,7000
Sri Rama Lakshmi Mens PG/Paying Guest,  Gachibowli,6500,,12000,6000,7500,0
Shri Satyalaxmi Luxury Men's Hostel PG/Paying Guest,  Madhapur,4500,,10000,0,0,0
Single Room in a 1 Bhk apartment,  Gachibowli,8000,,8000,0,7200,6000
Venkateshwara Women's Hostel PG/Paying Guest,  Gachibowli,6000,,15000,11000,0,0
Sri Sai Teja Women's Hostel PG/Paying Guest,  Gachibowli,4500,,14000,0,9100,0
Kanaka Durga Women's Hostel PG/Paying Guest,  Kothaguda,5500,,15000,0,0,4500
7 Hills Men's And Women's Hostel And PG/Paying Guest,  Kondapur,6000,,16000,9000,0,0
Single Room in a 1 Bhk apartment,  Chengicherla,5000,,5000,0,0,0
Stayzionn Prime Rooms PG/Paying Guest,  Gowlidoddy,14000,,14000,0,7000,0
Eternal Everyday PG/Paying Guest,  Narsgi Medak,5000,,5000,0,0,7500
Patel PG/Paying Guest and hostel,  Manikonda Jagir,6000,,10000,6000,7000,0
HOTEL GREEN NEST LUXURY SUITES CO LIVING PG/Paying Guest,  Gachibowli,11000,,25000,0,0,4500
Royal Prime Suits. PG/Paying Guest,  Phase 9 KPHB,7000,,7000,9000,0,0
Pramila Aunty PG/Paying Guest,  PG Road,9000,,9000,0,0,0
R K Boys Hostel PG/Paying Guest,  Saikpuri,6500,,6500,5000,0,0
navya grand womens PG/Paying Guest,  Gachibowli,8000,,19000,0,0,0
Ansari PG/Paying Guest,  Secunderabad,4000,,4000,5000,6000,0
cozystay PG/Paying Guest,  Gachibowli Kondapur Road,11000,,25000,0,0,0
Zolo Goodvibes PG/Paying Guest,"  ALIND Employees Colony, Serilgampally",9068,,16560,0,0,0
Venkateshwara PG/Paying Guest,  Shamshabad,5000,,5000,11000,0,0
Maturu Apartments PG/Paying Guest,"  Lakdikapul, NH 9",7500,,7500,0,8500,5000
SHRIWIN PG/Paying Guest HOSTEL,"  Kokapet, Outer Rg Road",6500,,12000,4000,0,0
Dwarakamai PG/Paying Guest,"  Dwarakapuri, Punjagutta, NH 9",6000,,10000,0,6000,0
Sri Annapurna women's PG/Paying Guest hostel,  Madhura Nagar Colony Gachibowli,6500,,8000,0,0,4200
Suni women PG/Paying Guest,  Mehdipatnam,7500,,9500,8000,0,0
Sreeramani PG/Paying Guest for Women,"  Pragathi Nagar, Kukatpally",6000,,6000,0,0,0
EFD PRIME RESIDENCY PG/Paying Guest,  Shaikpet,20000,,35000,9800,0,6000
Sultan Estate PG/Paying Guest,"  Abids, NH 7",6000,,6000,0,6500,4000
Way Inn Familiar PG/Paying Guest,"  Hafeezpet, NH 9",20000,,20000,10400,5900,0
Sita PG/Paying Guest,  Gachibowli Road,12000,,12000,0,0,4000
Anusha abodes PG/Paying Guest,  Manikonda Jagir,14000,,14000,10400,0,0
Divya Sai Executive PG/Paying Guest and Hostel,  Bahadurpally,6000,,8000,0,5900,5500
Prime dwelling PG/Paying Guest,"  NBT Nagar, Banjara Hills",12000,,12000,0,7200,0
Central Boys Hostel PG/Paying Guest,  Manikonda Jagir,5000,,12000,8000,0,0
GB RAJU BOYS HOSTEL PG/Paying Guest,  Bahadurpally,5000,,9000,0,6500,0
Unique PG/Paying Guest,  Allwyn Colony,6500,,8000,9000,0,0
Sri Poojitha Home PG/Paying Guest,"  Hafeezpet, NH 9",12000,,12000,8500,0,6000
Vihang Residency PG/Paying Guest,  Wipro Circle Road,6000,,16000,0,7000,0
Hyderabad SR Continental PG/Paying Guest,"  Kachiguda, NH 2 2",5000,,10000,7000,0,0
mustafa heights PG/Paying Guest,  Mehdipatnam,6000,,6000,0,8500,0
Room for rent PG/Paying Guest,  Masab Tank,4500,,4500,0,0,6000
Gupta PG/Paying Guest,  CBI Colony Jubilee Hills,6000,,12000,0,0,0
Stanza Living PG/Paying Guest,  Madhapur,10500,,14500,0,9000,0
Sri sai Gayathri boys hostel PG/Paying Guest,  BN Reddy Nagar,5500,,5900,6500,0,0
Zolo Quest PG/Paying Guest,  Hitech City,5500,,18000,7000,9000,0
Sriram apartments PG/Paying Guest,"  Padmarao Nagar, Hyderabad-Karimnagar Highway",7000,,7000,0,0,5500
Surya luxury mens hostel PG/Paying Guest,"  Ameerpet, NH 9",5500,,8000,0,0,0
Msr boys hostel PG/Paying Guest,  Kondapur,7000,,15000,8000,7000,0
Errawandla nirmal PG/Paying Guest,  Balanagar,7500,,7500,0,0,0
Cenara nagar colony PG/Paying Guest,"  Boduppal, NH 2 2",15000,,15000,7000,7000,6000
Venkateshwara Executive PG/Paying Guest Hostel 4 Women Girls,  Ashok Nagar Himayatnagar,5500,,11500,10400,0,0
Asha PG/Paying Guest,"  Abids, NH 7",5000,,5000,4000,5500,5000
Mohan boys hostel PG/Paying Guest,  Ashok Nagar Himayatnagar,4700,,4700,0,0,0
Kavyasree Men's Hostel PG/Paying Guest,"  P Janardhan Reddy Nagar, Gachibowli, Outer Rg Road",9100,,11700,7000,12000,0
Annapurna reddys excutive P.G guest house PG/Paying Guest,  Hitech City,9800,,12400,0,0,6000
Kiranreddy PG/Paying Guest men’s hostel,  Madhapur,2600,,2600,0,0,0
Sai mahith guest-inn PG/Paying Guest,  Hitech City,3900,,3900,3000,0,0
Madhuri men’s PG/Paying Guest,  Hitech City,2600,,2600,0,7500,6000
Lakshmi Ganesh boys hostel PG/Paying Guest,"  Ameerpet, NH 9",5900,,5900,4000,0,0
Sai bhavani boys hostel PG/Paying Guest,"  Habsiguda, NH 2 2",5900,,5900,4000,0,0
Athidi boy hostel PG/Paying Guest,  ECIL,5900,,5900,0,7000,0
Sai Krishna deluxe boys hostel PG/Paying Guest,"  Kukatpally Housg Board Colony, NH 9",6500,,7200,7800,0,0
Sri laxmi venkateshwara women's PG/Paying Guest,  Kondapur,8500,,8500,0,0,11000
Muktha Sri boys hostel PG/Paying Guest,  Gachibowli,9400,,9400,0,5500,0
Gupta PG/Paying Guest,  Kondapur,6000,,11500,17900,0,7000
Happy stay luxury colive PG/Paying Guest,  Gowlidoddy,7000,,12500,35000,0,6500
Jury's Luxury Co living Hostel PG/Paying Guest,"  Kokapet, Outer Rg Road",8000,,18000,5900,0,0
SAHASRA LUXURYS WOMENS PG/Paying Guest,  Gowlidoddy,7000,,16000,1200,11000,0
Shona PG/Paying Guest Kondapur,  Kondapur,7000,,12000,10000,0,0
R3 Atmos PG/Paying Guest,  Hitech City,15000,,30000,0,4500,0
AVASA CO-LIVING AND MENS HOSTEL PG/Paying Guest,  Hitech City,15000,,25000,11700,0,0
Sai Durga Luxury PG/Paying Guest Men's Women's And Coliving,  Gowlidoddy,9000,,22000,0,0,20000
Independent room PG/Paying Guest,"  Miyapur, NH 9",5000,,5500,0,0,0
Zolo Silverstone PG/Paying Guest,  Balaji Nagar Miyapur,5000,,9000,9000,0,0
RRR Coliving And Guest Rooms PG/Paying Guest,  Kondapur,13500,,33000,0,6000,6500
Sri sai PG/Paying Guest,  Neknampur,12000,,12000,9800,0,0
S. N. S luxury mens hostel PG/Paying Guest,  Madhapur,7500,,22000,20000,0,6000
HOTEL 99 INN GUEST HOUSE CO LIVING PG/Paying Guest,  Manikonda Jagir,15000,,27000,11700,7200,7000
Shree sai manikanta colive PG/Paying Guest,  Telecom Nagar Gachibowli,12000,,18000,0,0,0
Feel Like Home PG/Paying Guest,  Brahman Wadi Begumpet,7000,,8500,0,6000,0
Sri Ranga Nilayam PG/Paying Guest,  Kondapur,8500,,8500,13000,0,0
Surya luxury mens hostel PG/Paying Guest,"  Ameerpet, NH 9",8000,,8000,0,6000,6000
Akshaya Mens Hostel PG/Paying Guest Pragathi Nagar,"  Pragathi Nagar, Kukatpally",6000,,7000,20000,0,0
Sreenivasa nilayam Sri Laxmi Chennakesava women's PG/Paying Guest and hostel,  Sri Ram Nagar Kondapur,6000,,9500,0,0,0
PG/Paying Guest accommodation in A gated community - SMR Vinay Fountainhead,"  Miyapur, NH 9",20000,,20000,0,5000,0
Vibha's Executive Women's PG/Paying Guest - Kokapet,"  Kokapet, Outer Rg Road",7000,,17000,11500,0,0
Stanza Living Vigo House PG/Paying Guest,  Gachibowli,11099,,12599,0,0,0
Mukunda grand duplex guest house PG/Paying Guest,  Ayyappa Society,25000,,25000,8000,8000,0
Royal Boys and girls PG/Paying Guest,  Kondapur,7000,,12000,0,4500,7000
Sri Karthikeya Grand PG/Paying Guest,  Phase 9 KPHB,13000,,13000,7000,0,0
NEW WELCOME HOME PG/Paying Guest,  Madhapur,6000,,10000,7000,7000,0
Spoorthy PG/Paying Guest,"  Banjara Hills, NH 9",8000,,8000,0,4500,0
Vasavi women's PG/Paying Guest,  Sri Ram Nagar Kondapur,7000,,10000,15000,0,6500
Celluloid Premium Space For Womens PG/Paying Guest,  Madhapur,15000,,27500,0,6000,0
Cozystay PG/Paying Guest,  Gachibowli,11000,,25000,10000,0,0
Prashanth mens hostel PG/Paying Guest,  Madhapur,7000,,12000,0,0,5000
Lakshmi premium stays for women’s PG/Paying Guest,"  P Janardhan Reddy Nagar, Gachibowli, Outer Rg Road",10000,,28000,0,6000,7000
KOTLAS HIGH LIVING SERVICED APARTMENT PG/Paying Guest,  Gowlidoddy,25000,,25000,11000,0,0
HR premium stays for women PG/Paying Guest,  Gachibowli,10000,,28000,0,0,0
Shriya SK Wonders PG/Paying Guest,  Kondapur,25000,,25000,0,7000,0
Arvind PG/Paying Guest,"  Charmar, Ghansi Bazaar",6000,,10000,10000,0,0
SRI SAI KRISHNA MENS HOSTEL PG/Paying Guest,  Anjaiah Nagar Gachibowli,6500,,6500,0,0,5000
Sri Lakshmi Narasimha Men's PG/Paying Guest,  Gachibowli,8000,,22000,0,0,0
SAHASRA LUXURY PG/Paying Guest AND CO LIVING,  Gowlidoddy,6500,,15000,6300,7000,0
Ajay PG/Paying Guest,"  Hayat Nagar, Rajendra Nagar, Outer Rg Road",6000,,10000,0,0,0
SHLOKA EXECUTIVE WOMENS HOSTEL AND PG/Paying Guest,  Santosh Nagar Mehdipatnam,5500,,8500,0,0,0
PSSR PG/Paying Guest for men,  Gachibowli,4000,,10000,0,0,0
Abhishek Mandal girls and boys PG/Paying Guest,"  Kukatpally, NH 9",5000,,10000,14000,0,5500
BALAJI men's hostel and PG/Paying Guest,  Khajaguda Nanakramguda Road,6500,,7500,0,6500,0
Lorgan Nest PG/Paying Guest,  Gandhi Nagar Kavadiguda,10500,,12500,4500,6500,7000
Sri Sai Krishna Mens PG/Paying Guest,  Anjaiah Nagar Gachibowli,6000,,6000,7000,0,0
elegant PG/Paying Guest,  Bowenpally,10000,,10000,0,0,6500
Boys and girls PG/Paying Guest,  Gachibowli,7000,,12000,0,0,0
RSR LUXURY GIRLS PG/Paying Guest AND HOSTEL,  Santosh Nagar Mehdipatnam,5000,,6000,17500,75000,0
Cozystay PG/Paying Guest,  Gachibowli,11000,,25000,0,0,0
Ramky towers PG/Paying Guest,  Gachibowli,13000,,13000,0,6000,0
SRI RESIDENCY PG/Paying Guest,"  Ameerpet, NH 9",16000,,30000,9000,6000,0
SV RESIDENCY LUXURY ROOMS PG/Paying Guest,  Rai Durg,15000,,25000,16500,0,0
SV RESIDENCY LUXURY ROOMS PG/Paying Guest,  Gachibowli,15000,,25000,0,0,7000
Cozy Coliving PG/Paying Guest,  Gowlidoddy,28000,,28000,10000,6500,0
Nest Co-Home PG/Paying Guest,  Madhapur,10000,,10000,0,0,0
Sri Laxmi Keerthana Men's PG/Paying Guest,"  Fancial District, Nanakram Guda",7000,,7000,0,0,7000
Sri Rama Luxury Stays PG/Paying Guest,  TNGOs Colony Phase 2,9000,,18000,4000,6500,0
SAMBASIVA WOMENS HOSTEL PG/Paying Guest,  Hitech City,6500,,16000,0,0,0
Delight inn luxury Rooms and PG/Paying Guest,"  Hafeezpet, NH 9",10000,,20000,7000,0,0
Apartment PG/Paying Guest,  Madhura Nagar Nizampet,10000,,10000,0,0,0
vijaya enclave PG/Paying Guest,  Kondapur,8500,,10000,0,6000,0
SLNS PG/Paying Guest and Hostel for gents,  Chanda Nagar,5500,,6500,8000,0,0
SRI ANJANEYA WOMENS HOSTEL PG/Paying Guest,  Anjaiah Nagar Gachibowli,6000,,17000,0,13000,0
SV RESIDENCY PG/Paying Guest,  Nalagandla,15000,,25000,0,0,0
SV RESIDENCY PG/Paying Guest,  Bachupally,15000,,25000,10000,7000,0
SV RESIDENCY PG/Paying Guest,"  Gandi Maisamma, Outer Rg Road",12000,,20000,5500,0,7500
Isthara Mavericks PG/Paying Guest,  Nizampet,6500,,16000,0,8000,0
Single Room in a 1 Bhk apartment,  Habeeb Nagar Saroor Nagar East,5000,,5000,8000,0,0
Sri Rushitha Reddy Mens PG/Paying Guest,  Gachibowli,8500,,13000,5500,0,0
Bed in a 1 Bhk apartment,  Kondapur,17600,,17600,12000,11000,0
Priyanka PG/Paying Guest,  Chanda Nagar,9800,,9800,0,0,6000
Single Room in a 3 Bhk apartment,  Nalagandla,11700,,11700,6000,0,6500
PriceNest Hostel PG/Paying Guest,  Madhapur,6500,,7000,0,20000,0
A S Grand PG/Paying Guest Men,  Madhapur,7500,,15000,0,0,0
Bed in a 2 Bhk apartment,"  Somajiguda, NH 9",26400,,26400,7000,0,0
Single Room in a 3 Bhk apartment,  Kondapur,11700,,11700,0,8000,0
Shresht PG/Paying Guest,  Kondapur,17600,,17600,0,0,7000
Single Room in a 3 Bhk apartment,  Kondapur,6500,,6500,8000,7000,0
Zolo Bourbon PG/Paying Guest,  Telecom Nagar Gachibowli,11000,,20000,8000,8000,0
Sri lakshmi chennakesava womens PG/Paying Guest hostel,  Kondapur,6500,,9500,3000,0,0
Rupa PG/Paying Guest,"  Somajiguda, NH 9",13000,,13000,0,0,7000
My flat PG/Paying Guest,"  Yella Reddy Guda, NH 9",7800,,7800,0,0,0
Single Room in a 3 Bhk apartment,  Kondapur,18700,,18700,7500,6000,0
HOME WOMEN'S HOSTEL PG/Paying Guest,  Mehdipatnam,4500,,4500,0,0,7000
AR RESIDENCE-PENTHOUSE PG/Paying Guest,"  Boduppal, NH 2 2",7800,,9100,8500,0,0
Haarika PG/Paying Guest Accommodation,  Begumpet,7200,,7800,0,0,10000
Single Room in a 3 Bhk apartment,  Manikonda Jagir,16300,,16300,10000,6000,0
A.R Ready Delux girls PG/Paying Guest,  Narayanguda,7200,,7200,0,0,0
AR ULTRA DELUXE MEN'S PG/Paying Guest,  Kondapur,7500,,9500,0,0,10000
VAIBHAV AN EXCLUSIVE HOSTEL FOR GENTS PG/Paying Guest,"  Ameerpet, NH 9",5500,,9000,6500,0,0
VAIBHAV AN EXCLUSIVE HOSTEL FOR GENTS PG/Paying Guest,"  Banjara Hills, NH 9",5500,,10000,0,8000,0
Isthara Parks PG/Paying Guest,  Phase 9 KPHB,8000,,22000,8000,0,6500
Ajay Kumar PG/Paying Guest,  Madhapur,6000,,10000,0,0,0
Vihang Residency PG/Paying Guest,  TNGOS Colony,6000,,16000,0,0,8000
Sirisha Reddy Executive Women's luxury PG/Paying Guest Hostel,  Gachibowli,7500,,22000,0,7000,0
Best home PG/Paying Guest,  Vijayawada Highway,7500,,7500,9000,0,6500
Sri Narayanaswamy Gents PG/Paying Guest,  Kondapur,7000,,9000,0,0,0
Devendra PG/Paying Guest,"  Boduppal, NH 2 2",12000,,12000,7000,6500,5500
Isthara A and A Homes PG/Paying Guest,  Manikonda Jagir,6500,,13500,0,7500,0
Ramadevi Womens PG/Paying Guest,  Kondapur,11000,,24000,0,0,0
Happy Nest Men's PG/Paying Guest,  Gachibowli,8500,,18000,7500,0,6500
HYDERABAD SR CONTINENTAL PG/Paying Guest,  Ramkoti,5000,,10000,0,0,6000
Ganesh PG/Paying Guest,  Beeramguda Ramachandrapuram,1000,,1000,0,6000,0
Nandini women’s hostel nd PG/Paying Guest,  Madhapur,8000,,9000,8000,0,5500
SNS LUXURY MEN'S HOSTEL AND PG/Paying Guest,  Madhapur,7500,,22000,0,5000,0
PriceNest Hostel PG/Paying Guest,  Madhapur,6500,,7000,14000,0,0
Prakash patel PG/Paying Guest,  ECIL,10000,,15000,0,0,0
sri sai teja womens hostel PG/Paying Guest,  Gachibowli,6000,,8000,5000,6000,0
Sri Hanuman for Men's Deluxe Hostel PG/Paying Guest,  Gachibowli,6500,,9000,0,10500,0
None PG/Paying Guest,  Bachupally,8000,,8000,7000,5500,0
sree vaishnavi PG/Paying Guest,  Gowlidoddy,6500,,6500,0,0,0
Rekha women's PG/Paying Guest house,  Kavuri Hills Madhapur,14000,,14000,15000,5500,10000
Isthara co living PG/Paying Guest,  Addagutta Society,7300,,16800,0,0,0
Bliss boys hostel PG/Paying Guest,"  Sanjeeva Reddy Nagar, NH 9",5000,,6500,7000,0,0
Shrii Sai LIKITHA BOY'S HOSTEL PG/Paying Guest,"  Sanjeeva Reddy Nagar, NH 9",6000,,8500,9000,6000,6500
Estay Executive Men's PG/Paying Guest,  Hitech City,7500,,22000,0,0,0
Bed in a 3 Bhk apartment,  Mehdipatnam,2500,,2500,10000,8000,0
Sree vaishnavi women PG/Paying Guest,  Gowlidoddy,6500,,18000,0,0,0
Kaarthikeya buzz colive and PG/Paying Guest Guest house,  Madhapur,10000,,12000,0,8500,0
Cuddle Colive PG/Paying Guest,  Madhapur,14000,,25000,13500,0,5500
Serene Luxury Stay PG/Paying Guest,  Kondapur,9000,,22000,0,0,0
Mans PG/Paying Guest ni Gachibowli,  Hyderabad Shah Guda,10000,,10000,9068,0,6000
Nvs complex PG/Paying Guest,  Dilsukhnagar,6000,,6000,0,9100,0
Homely PG/Paying Guest,  Prashanti Nagar New Nallakunta,8000,,8000,10000,9800,0
Ganesha Deluxe Ladies Hostel PG/Paying Guest,  Addagutta,6000,,7000,0,0,0
Bed in a 3 Bhk apartment,  New Nallakunta,3000,,3000,0,2600,0
MADINENI HOMES AND COLIVING PG/Paying Guest,  Addagutta Society,8500,,16000,9000,3900,0
Royal Boy's and girls PG/Paying Guest,  Gachibowli,7000,,12000,0,2600,0
"SS Happy Home's CoLiving, PG, Paying Guest",  Kondapur,8500,,20000,8000,5900,0
Aashirwaad PG/Paying Guest,"  Chaitanyapuri, Kothapet",6000,,6000,0,0,0
naryan nilyam PG/Paying Guest,  Secunderabad,8000,,8000,0,5900,0
The Livin Zone PG/Paying Guest,  Madhapur,10000,,22000,7500,6500,7000
Single Room in a 2 Bhk apartment,  Kondapur,9000,,9000,0,9400,0
Mahas Inn PG/Paying Guest,  Gachibowli,11700,,17600,0,0,0
amulya mens hostel PG/Paying Guest,"  Ameerpet, NH 9",15600,,15600,0,6000,0
Vertex Prestige PG/Paying Guest,  Nizampet,15600,,15600,20000,8500,0
Megha PG/Paying Guest,  Serilgampalle M,9100,,11700,0,0,0
Lavanya PG/Paying Guest hostel for female,"  Somajiguda, NH 9",9800,,11100,6000,8000,0
Single Room in a 1 Bhk apartment,  Kondapur,8000,,8000,0,0,0
Sri Sai Luxury Womens PG/Paying Guest,  Gachibowli,7800,,9100,22000,8000,7000
Single Room in a 2 Bhk apartment,"  KMR Estates, Serilgampally",8500,,8500,0,0,0
The Angel Deluxe Women's PG/Paying Guest,"  Uppal, NH 2 2",4900,,10500,0,7000,0
Sai Poojitha Mens PG/Paying Guest,  Gachibowli,9100,,11700,0,0,0
UMA REDDY DELUXE GIRLS HOSTEL PG/Paying Guest,  RTC Cross Road,8500,,16900,0,0,0
Umamaheswara PG/Paying Guest For Ladies,  Turkayamjal,6500,,7200,0,0,0
Single Room in a 3 Bhk apartment,  Nanakaramguda,13000,,13000,9000,9000,0
Sri Lucky Hostel PG/Paying Guest,  Adibatla,5500,,10000,0,0,0
HI TECH PG/Paying Guest BOYS HOSTEL,  Addagutta Society,6000,,14000,0,0,7200
Single Room in a 2 Bhk apartment,  Hitech City,27500,,27500,7000,5000,0
Single Room in a 1 Bhk apartment,  East Marredpally,3000,,3000,8000,0,7500
Bed in a 3 Bhk apartment,  Nacharam,7200,,7200,0,13500,0
Single Room in a 1 Bhk apartment,  Gajularamaram,6000,,6000,0,0,7500
venkys PG/Paying Guest,  Gachibowli,6000,,8000,0,13500,0
Sujala PG/Paying Guest,"  Kukatpally, NH 9",7800,,11100,8000,0,0
Single Room in a 1 Bhk apartment,"  Habsiguda, NH 2 2",14300,,14300,0,8500,6000
Signature Executive PG/Paying Guest hostel for Women,  Kondapur,11100,,19800,7500,0,0
Bed in a 2 Bhk apartment,  Secunderabad,12000,,12000,6000,0,0
Single Room in a 3 Bhk apartment,"  Kavuri Hills, Madhapur",16000,,16000,0,0,0
Afshan PG/Paying Guest,  Toli Chowki,7200,,7200,0,8500,0
Bed in a 1 Bhk apartment,"  Hafeezpet, NH 9",11700,,11700,8000,0,0
Nandini women's PG/Paying Guest hostel,  Madhapur,6500,,11000,14500,6500,7500
Ladies new PG/Paying Guest home,  Sri Nagar Colony,16500,,16500,5900,7000,0
C.S BOYS HOSTEL PG/Paying Guest,"  Sanjeeva Reddy Nagar, NH 9",5500,,8000,0,0,7000
Single Room in a 1 Bhk apartment,  Kondapur,22000,,22000,7000,0,0
Gudiya Girls Hostel PG/Paying Guest,  Dilsukhnagar,6500,,6500,0,0,0
Nest Hospitalities PG/Paying Guest,  Madhapur,9800,,12400,0,0,0
SriRama PG/Paying Guest for Gents,  Nanakaramguda,5000,,10000,7000,7500,0
Single Room in a 3 Bhk apartment,"  Uppal, NH 2 2",3300,,3300,0,11099,0
Single Room in a 3 Bhk apartment,  Madhapur,13000,,13000,9000,0,0
Home Stay PG/Paying Guest,  Serilgampalle M,7000,,14000,0,0,5000
Soothing Pearls Residency PG/Paying Guest,  Toli Chowki,8500,,9100,15000,7000,0
Stanza living PG/Paying Guest,  Gowlidoddy,10700,,18700,11500,0,0
Bed in a 1 Bhk apartment,  Madhapur,17600,,17600,0,6000,8000
Lakshmi PG/Paying Guest for Womens,  Kothaguda,6500,,17000,0,8000,0
Single Room in a 1 Bhk apartment,  Kondapur,10400,,10400,0,0,7500
OYO Life-HYD1418 PG/Paying Guest,  Madhapur,18200,,18200,11700,0,7000
OYO Life-HYD1424 PG/Paying Guest,  Kondapur,17600,,17600,12400,11000,0
OYO Life-HYD1427 PG/Paying Guest,  Hitech City,17600,,17600,0,8000,0
Sangeetha Ladies Hostel PG/Paying Guest,  Raj Bhavan Road,5000,,7000,2600,0,0
Sambhasiva PG/Paying Guest,  Hitech City,8500,,19800,3900,12000,6500
Sambhasiva PG/Paying Guest for Men and Women,"  Jubilee Enclave, Hitech City",7800,,19800,2600,0,0
Bed in a 2 Bhk apartment,  Prakasham Panthulu Nagar,10000,,10000,0,0,0
Vamshi men's luxury PG/Paying Guest accommodation,  Kondapur,6000,,12000,7200,12000,0
VENKEY'S MENS PG/Paying Guest,  Gachibowli,3900,,9100,8500,0,6500
Bed in a 1 Bhk apartment,  Neredmet,9100,,9100,0,0,0
Sri raghavendhra ladies hostel PG/Paying Guest,  BN Reddy Nagar,5500,,5600,9000,6000,0
Guddu Executive Boys PG/Paying Guest,  Dilsukhnagar,5200,,5200,12500,0,6000
Single Room in a 3 Bhk apartment,  Gachibowli,16500,,16500,0,9500,0
7 Hills PG/Paying Guest,  Kondapur,8500,,10400,9500,0,0
Kamakshi PG/Paying Guest for Men,  Gachibowli,7800,,9800,0,7500,6000
Avani Executive Womens PG/Paying Guest,  Madhapur,7200,,9800,12000,0,0
TREE HOMES LUXURY PG/Paying Guest AND GUEST HOUSE,  Kondapur,8000,,20000,0,6000,7500
Hello Falak PG/Paying Guest,"  Kukatpally, NH 9",8500,,15000,9000,6500,0
SVS Coliving stays PG/Paying Guest,  Kondapur,10000,,10000,0,0,6500
Boys and girls PG/Paying Guest,"  Kukatpally, NH 9",5999,,11000,15000,4000,0
RK PG/Paying Guest hostel for boys,  Nallagandla Tellapur Road,6500,,7500,0,0,0
Anjali PG/Paying Guest Hostels,  Anjaiah Nagar Gachibowli,7500,,24000,15000,5000,0
Annapoorneshwari boys hostel PG/Paying Guest,  Narayanguda,6000,,15000,0,7500,0
BVR Womens PG/Paying Guest Hostel,  Hitech City,5500,,18000,11000,10500,0
sri durga women PG/Paying Guest,  Gachibowli,8000,,25000,0,0,0
Peace Living Ladies Hostel PG/Paying Guest,"  Ameerpet, NH 9",5000,,8500,5000,7000,6500
Vamshi PG/Paying Guest,  Yacharam,5000,,5000,0,6500,0
PG/Paying Guest accommodation,  Old Bowenpally,5000,,8000,6500,0,0
twin habbitet PG/Paying Guest,"  Fancial District, Nanakram Guda",20000,,20000,0,0,0
Krishna kripa PG/Paying Guest,"  Kukatpally, NH 9",8500,,14000,15500,11000,0
Attractions Ladies PG/Paying Guest Hosstel,  Sri Nagar Colony,15000,,25000,0,0,0
Sri Mallikarjun Deluxe BOYS PG/Paying Guest,  Dilsukhnagar,4200,,5000,15500,13000,0
Pavanaputhra boys hostel PG/Paying Guest,"  Ameerpet, NH 9",5000,,5500,12000,0,0
Vigneshwara boys hostel PG/Paying Guest,  Addagutta Society,5000,,8000,0,0,0
Svs men's deluxe hostel PG/Paying Guest,"  Sanjeeva Reddy Nagar, NH 9",4800,,6500,12000,0,0
Honey PG/Paying Guest for women's,  Adda Gutta East Marredpally,5500,,14000,0,0,0
Sri Tanuja ladies PG/Paying Guest accommodation,  Kukatpally Housg Board Road,6000,,9000,15000,10000,9800
Sri tanuja ladies PG/Paying Guest hostel,  Addagutta Society,6000,,8500,0,7000,0
Sri tanuja ladies p.g. accommodation PG/Paying Guest,  Phase 1 KPHB,6000,,7000,12000,0,0
Sri shambavi women's Hostel PG/Paying Guest,  Madhapur,6000,,20000,0,0,7800
Sree kamakshee deluxe boys hostel PG/Paying Guest,"  Ameerpet, NH 9",5000,,6000,7000,7500,0
Yoga laxmi Annapurna boys hostel and PG/Paying Guest,"  Yousufguda, NH 9",4500,,5500,0,0,0
Kashivishweshwaraswamy boys hostel PG/Paying Guest,"  Yousufguda, NH 9",4800,,5500,7000,10000,5200
Sri sai manjunath mens PG/Paying Guest,  Madhapur,5500,,17000,9500,0,0
Srm luxury PG/Paying Guest and hostel for men,  Kukatpally Housg Board Road,6000,,8000,0,0,0
Single Room in a 1 Bhk apartment,  Chtalkunta,4000,,4000,0,0,0
Friends boys hostel PG/Paying Guest,  Addagutta Society,5500,,8000,0,8500,8500
Venkateswara co-living PG/Paying Guest Accommodation,  Kondapur,8000,,18000,0,6500,0
Sri Rama Luxury Hostel PG/Paying Guest,  Gowlidoddy,20000,,20000,9500,0,0
VS Grand PG/Paying Guest,  Gowlidoddy,9000,,13000,12599,7000,0
Hrb PG/Paying Guest,  Yapral,15000,,15000,0,0,0
Sri Durga Women's PG/Paying Guest,  Gachibowli,8000,,25000,30000,0,6000
Sri Ramani Girls PG/Paying Guest Home,  Pragathagar,6000,,6500,0,0,0
Ravi kishor men's hostel PG/Paying Guest,  Madhapur,5500,,11500,9000,0,0
Bed in a 2 Bhk apartment,"  LB Nagar, NH 9",16000,,16000,13000,6500,0
Bed in a 1 Bhk apartment,  Dilsukhnagar,5000,,5000,0,0,0
MK'S CORPO SUITES PG/Paying Guest,  Madhapur,12000,,20000,8000,0,0
Bed in a 1 Bhk apartment,  Rami Reddy Nagar Quthbullapur,7300,,7300,8000,8500,0
Embassy Coliving PG/Paying Guest,  Kondapur,8500,,20000,10000,0,0
MSK BOYS PG/Paying Guest Accommodation,  Alwal,5500,,10000,0,9800,0
Vijay PG/Paying Guest men's deluxe,  Madhapur,6000,,6500,15000,0,0
Kushal women's PG/Paying Guest,  Madhapur,7000,,10000,0,0,0
cs boys hostel PG/Paying Guest,"  Sanjeeva Reddy Nagar, NH 9",5500,,8000,13500,0,6500
SHIVA LADIES DELUXE HOSTEL PG/Paying Guest,"  Ameerpet, NH 9",4500,,5000,12000,0,6000
abhiram reddy mens PG/Paying Guest,  Gachibowli,6500,,9000,0,7500,0
sri lakshmi ranganayaka PG/Paying Guest,"  Kukatpally, NH 9",5500,,7000,15000,0,0
Supraja ladies hostel PG/Paying Guest,  Addagutta Society,4600,,6000,0,0,6500
Shri Mahalakshmi deluxe men's hostel PG/Paying Guest,  Madhapur,5500,,7500,0,0,0
Mayuri men's luxury PG/Paying Guest,  Addagutta Society,6500,,10000,15000,0,0
sri chandra boys hostel PG/Paying Guest,"  Ameerpet, NH 9",5500,,7000,0,0,0
SHIVA LADIES DELUXE HOSTEL PG/Paying Guest,"  Ameerpet, NH 9",4500,,5000,0,8500,0
Vvn men's hostel PG/Paying Guest,"  Ameerpet, NH 9",4800,,6000,8000,0,5000
Chaithanya executive boys hostel PG/Paying Guest,"  Ameerpet, NH 9",4500,,7000,0,0,0
Goutham grand men's hostel PG/Paying Guest,"  Ameerpet, NH 9",4800,,7500,11000,0,0
Divya Sai executive women's hostel and PG/Paying Guest,  Indira Nagar Gachibowli,6500,,8500,0,0,0
Sv hostel for men PG/Paying Guest,  Gachibowli,8000,,15000,9000,0,0
Sai manikanta men's hostel PG/Paying Guest,"  Kukatpally Housg Board Colony, NH 9",4000,,5000,0,0,7000
SLS BOYS HOSTEL PG/Paying Guest HOSTEL,  Adda Gutta East Marredpally,5000,,12000,8000,0,0
Dhipin luxury PG/Paying Guest accommodation,  Phase 3 KPHB,5500,,8000,8500,0,10700
Adhiti women's PG/Paying Guest,  Phase 3 KPHB,5500,,7000,0,8500,0
SAI MADHAVA MEN'S PG/Paying Guest HOSTEL,  Adda Gutta East Marredpally,4500,,6500,5500,0,6500
Sri sai Leela executive boys hostel PG/Paying Guest,"  Ameerpet, NH 9",5000,,5500,0,0,0
Sri Surya women's Hostel PG/Paying Guest,"  Sanjeeva Reddy Nagar, NH 9",3900,,3900,7000,0,0
Om srivani boys hostel PG/Paying Guest,"  Ameerpet, NH 9",4500,,5500,7500,6500,0
Bed in a 3 Bhk apartment,"  Patrika Nagar, Hitech City",9800,,9800,12500,0,0
Single Room in a 3 Bhk apartment,  Begumpet,9100,,9100,10000,0,8500
Li-fi PG/Paying Guest for Boys,"  Hyder Nagar, NH 9",13000,,13000,0,8000,0
Sri Sai Sabari Executive Boys Hostel PG/Paying Guest,"  Sanjeeva Reddy Nagar, NH 9",4300,,9000,9000,0,7800
Sri sai ganesh boys hostel PG/Paying Guest,  Addagutta Society,4300,,5000,6000,6000,0
Smayan Residency PG/Paying Guest,  Manikonda Jagir,15000,,15000,0,0,6500
kinos PG/Paying Guest,  Whitefields,6000,,6000,0,6000,0
Single Room in a 3 Bhk apartment,"  Tellapur, Outer Rg Road",9000,,9000,13500,0,0
SS CASTLE GRAND PG/Paying Guest MEANS AND GUEST HOUSE,  Gachibowli,5500,,13000,0,9000,0
Veerabadra deluxe women's hostel PG/Paying Guest,  Adda Gutta East Marredpally,5000,,6500,0,0,5600
Amulya men's executive hostel PG/Paying Guest,"  Ameerpet, NH 9",4500,,7500,16000,8000,0
Tanmaya PG/Paying Guest for women,  Adda Gutta East Marredpally,5000,,6000,0,0,5200
Room/Bed in a 2 Bhk apartment,"  Vanasthalipuram, NH 9",7000,,7000,15000,0,0
Sri laxmi deluxe men's hostel PG/Paying Guest,"  Kukatpally, NH 9",4500,,6500,0,0,7200
Kmr PG/Paying Guest and womens hostel,  Gachibowli,5500,,15000,15000,6500,0
Dwaraka women's hostel PG/Paying Guest,  Kondapur,6000,,7000,0,0,0
Vamshi mens luxury hostel PG/Paying Guest,  Kondapur,5500,,12000,32000,11000,0
Nainika PG/Paying Guest womens hostel,  Adda Gutta East Marredpally,5000,,6500,10000,0,0
Satya sai men's hostel PG/Paying Guest,  Addagutta Society,4800,,6000,0,8500,6500
Sri Surya boys deluxe hostel PG/Paying Guest,  Addagutta Society,5500,,5800,9000,0,0
Cozy Nest PG/Paying Guest,  Kondapur,11000,,20000,0,5000,7500
Sanjay PG/Paying Guest,"  Kachiguda, NH 2 2",7000,,10000,8000,0,0
KESHAVA LOTUS WOMENS PG/Paying Guest HOSTEL,  TNGOS Colony,6500,,10000,0,0,0
SNS MENS AND CO-LIVING PG/Paying Guest,  Madhapur,7500,,24000,12000,9000,7000
Bed in a 2 Bhk apartment,  Len Nagar Meerpet,500,,500,0,0,0
Sai Ram PG/Paying Guest For Women’s,  Anjaiah Nagar Gachibowli,7000,,8000,10000,8500,0
Maturu apartments PG/Paying Guest,"  Lakdikapul, NH 9",7500,,7500,0,0,0
Zolo Retreat PG/Paying Guest,  Jubilee Hills,23000,,45000,0,7000,0
AG Living Spaces Banjarahills PG/Paying Guest,"  Banjara Hills, NH 9",9999,,15999,0,0,0
Kartikeya Boys PG/Paying Guest Hostel,  Gowlidoddy,6500,,10000,8000,0,8000
BLUE STAR GRAND COLIVING PG/Paying Guest,  Gachibowli,6000,,10000,0,6000,8500
SRI LAKSHMI RANGANAYAKA MENS PG/Paying Guest HOSTEL,  Bachupally,5500,,7500,15000,7500,0
Flatmate PG/Paying Guest,  Kondapur,21000,,21000,0,0,0
KVR MENS PG/Paying Guest AND HOSTEL,  Madhapur,7500,,15000,15000,0,0
LAVISH WOMENS PG/Paying Guest AND HOSTEL,  Gachibowli,7000,,22000,0,0,0
SNS Luxury Men's PG/Paying Guest,  Madhapur,7500,,11500,12000,7500,0
Tawakkul PG/Paying Guest,  Prakash Nagar Begumpet,7000,,7000,0,0,0
lakshmi chennakesava womens PG/Paying Guest hostel,  Kondapur,6500,,9500,9000,7300,4200
Bed in a 2 Bhk apartment,  Sangareddy,10500,,10500,0,0,0
PG/Paying Guest Accommodation in a Gated Society,"  Miyapur, NH 9",20000,,20000,0,5500,5000
Prgathi Residency PG/Paying Guest,"  Miyapur, NH 9",8000,,8000,10400,0,0
Krishna kripa residency PG/Paying Guest,  Phase 2 KPHB,9000,,14000,17600,0,5500
Anil Home PG/Paying Guest,"  LB Nagar, NH 9",5500,,5500,0,6500,0
Attractions Ladies PG/Paying Guest House,  Sri Nagar Colony,15000,,25000,9800,0,6000
DOWNTOWN PREMIUM AC CO-LIVING SPACES AND PG/Paying Guest,  Kondapur,9500,,24000,0,8500,0
202 PG/Paying Guest,"  Telecom Nagar Extension, Gachibowli, Outer Rg Road",12500,,12500,0,0,0
Akshaya boys hostel PG/Paying Guest,"  Kukatpally, NH 9",5000,,5000,0,7500,6000
Luxury PG/Paying Guest,  Nanakaramguda,5999,,10999,0,0,0
Viraat boys PG/Paying Guest,  Vivekananda Nagar Kukatpally,6500,,6500,10000,10000,6000
Zolo Fortuna PG/Paying Guest,  Gowlidoddy,8500,Beds Available,17000,26400,0,6000
Zolo Sterling PG/Paying Guest,  Hitech City,7200,Beds Available,9600,0,0,6000
Zolo Orbit PG/Paying Guest,  Phase 5th KPHB,7800,Beds Available,15000,0,9000,0
Sri durga boys hostel PG/Paying Guest,"  Ameerpet, NH 9",6000,,6000,0,0,6500
Vinayaka boys hostel PG/Paying Guest,"  Ameerpet, NH 9",6000,,6000,0,0,0
Sri Srinivas boys hostel PG/Paying Guest,"  Ameerpet, NH 9",6000,,6000,11000,0,5000
Khailash boys hostel PG/Paying Guest,  Himayatnagar,6000,,6000,0,9000,4800
Sri Annapurna boys hostel PG/Paying Guest,  Narayanguda,6000,,6000,9500,8000,0
Venkata Sai Karthik boys hostel PG/Paying Guest,"  Ameerpet, NH 9",6000,,6000,0,7000,4800
Chilkuri balaji swamy boys hostel PG/Paying Guest,"  Ameerpet, NH 9",6500,,6500,0,0,0
Sri vani boys hostel PG/Paying Guest,"  Ameerpet, NH 9",5900,,5900,0,3000,6000
The nest Executive boys hostel PG/Paying Guest,"  Yella Reddy Guda, NH 9",6500,,6500,7800,0,0
Anupama boys hostel PG/Paying Guest,"  Ameerpet, NH 9",6000,,6000,0,8500,0
Manjunatha boys hostel PG/Paying Guest,  Yamnampet,6000,,6000,0,0,0
Ravindras boys hostel PG/Paying Guest,  Yamnampet,6000,,6000,0,7000,6000
Sai chandra boys hostel PG/Paying Guest,"  Ameerpet, NH 9",6000,,6000,15600,0,0
Sri arunachaleshwara boys hostel PG/Paying Guest,"  Ameerpet, NH 9",6000,,6000,0,8500,0
Pranis girls hostel PG/Paying Guest,  Kothapet,7200,,9800,7800,8000,0
Karthikeya boys hostel PG/Paying Guest,"  Yella Reddy Guda, NH 9",7200,,7200,7800,0,0
Bharathi women's hostel PG/Paying Guest,  Dilsukhnagar,4600,,6500,0,10000,0
seer boys hostel PG/Paying Guest,"  Yella Reddy Guda, NH 9",5900,,5900,7200,0,0
Bharathi boys hostel PG/Paying Guest,  Dilsukhnagar,5200,,6500,9500,0,8000
Sri Sai boys hostel PG/Paying Guest,"  Ameerpet, NH 9",5900,,5900,0,11700,6200
Manasvi boys hostel PG/Paying Guest,"  Ameerpet, NH 9",5900,,5900,8500,0,0
Bl Reddy boys hostel PG/Paying Guest,  Narayanguda,6500,,6500,0,0,0
Sri lalitha devi girls hostel PG/Paying Guest,"  Ghatkesar, NH 2 2",6800,,6800,0,0,5500
Krishnaveni women's hostel PG/Paying Guest,"  Pocharam, NH 2 2",7800,,8500,8000,9100,0
Sri Sai baba women's hostel PG/Paying Guest,"  Ameerpet, NH 9",6800,,6800,0,11100,0
Srinivasa boys hostel PG/Paying Guest,"  Ameerpet, NH 9",6300,,6300,0,0,7300
Sai PG/Paying Guest,  Begumpet,5900,,5900,11000,0,0
Ssd boys hostel PG/Paying Guest,  Himayatnagar,6000,,6000,0,9100,8500
Elite boys hostel PG/Paying Guest,  Kothapet,6800,,7200,8000,0,0
Sri Sai executive boys hostel PG/Paying Guest,"  Ameerpet, NH 9",6300,,6300,0,0,5500
Anjana girl hostel PG/Paying Guest,  Narayanguda,6500,,6500,8000,5600,6000
Elite queens girls hostel PG/Paying Guest,  Dilsukhnagar,6500,,7200,0,0,0
Sri Srinivas boys hostel PG/Paying Guest,"  Ameerpet, NH 9",6500,,6500,15000,0,6000
Amulya boys hostel PG/Paying Guest,"  Ameerpet, NH 9",6000,,6000,0,0,0
Pravalika Reddy PG/Paying Guest,  Dilsukhnagar,5900,,5900,9000,9800,5000
Shred Lakshmi boys hostel PG/Paying Guest,"  Ameerpet, NH 9",6300,,6300,0,0,0
Sai Sri rajendra boys hostel PG/Paying Guest,  Narayanguda,6500,,6500,0,6500,0
Sri Sai Ganesh executive ladies hostel PG/Paying Guest,"  Ameerpet, NH 9",6300,,6300,0,0,4600
Sai Rohini girls hostel PG/Paying Guest,  Dilsukhnagar,4600,,4600,9000,0,0
Siri girls hostel PG/Paying Guest,"  Ghatkesar, NH 2 2",7200,,7200,0,5500,5500
Sri sai durga boys hostel PG/Paying Guest,"  Ghatkesar, NH 2 2",6500,,6500,14000,0,0
Gopi krishnaveni boys hostel PG/Paying Guest,"  Ghatkesar, NH 2 2",6300,,6300,0,7000,6000
SR boys hostel PG/Paying Guest,"  Ghatkesar, NH 2 2",7200,,7200,10000,0,0
Dreams boys hostel PG/Paying Guest,  Dilsukhnagar,5900,,5900,0,0,5000
Sri Shiva Sai boys hostel PG/Paying Guest,"  Ameerpet, NH 9",5600,,5600,7500,7200,0
Sunitha naidu men's hostel PG/Paying Guest,"  Ameerpet, NH 9",6300,,6300,0,0,0
shaba Sai boys hostel PG/Paying Guest,  ECIL,6200,,6200,0,0,5000
Sri Sai RAM boys hostel PG/Paying Guest,"  Yella Reddy Guda, NH 9",6800,,6800,0,6000,0
Sri Sai boys hostel PG/Paying Guest,"  Yella Reddy Guda, NH 9",6500,,6500,12000,0,0
Deziny ladies hostel PG/Paying Guest,"  Ameerpet, NH 9",6800,,6800,0,0,4800
Sai baba ladies hostel PG/Paying Guest,"  Ameerpet, NH 9",6300,,6300,7000,0,0
Sri Lakshmi durga boys hostel PG/Paying Guest,  Moula Ali,6800,,6800,0,11100,0
Anjana girls hostel PG/Paying Guest,  Narayanguda,6800,,6800,10000,0,5000
Sir Sai rajendra boys hostel PG/Paying Guest,  Narayanguda,6300,,6300,0,0,0
Krsihanasai PG/Paying Guest,"  Kukatpally, NH 9",5600,,5900,7000,0,0
Mallana PG/Paying Guest,"  Kukatpally, NH 9",5900,,6300,9000,7000,6500
Sriragava PG/Paying Guest,"  Kukatpally, NH 9",5900,,5900,0,16900,0
Narayana PG/Paying Guest,  Begumpet,5600,,5900,0,7000,0
Sri Sai boys hostel PG/Paying Guest,  Yamnampet,6300,,6300,8000,0,4000
Sharada PG/Paying Guest,"  Kukatpally, NH 9",5900,,5900,0,0,0
Saleem PG/Paying Guest,"  Kukatpally, NH 9",5900,,5900,12000,6500,5000
RajuPG/Paying Guest,"  Kukatpally, NH 9",5900,,5900,14000,0,5500
DevaPG/Paying Guest,"  Kukatpally, NH 9",5900,,5900,0,9800,5500
Sandeep PG/Paying Guest,"  Kukatpally, NH 9",5900,,5900,10080,0,0
KrishnaPG/Paying Guest,"  Kukatpally, NH 9",6000,,6000,0,0,4500
Viswam PG/Paying Guest,"  Kukatpally, NH 9",5900,,5900,6000,0,5500
MunnaPG/Paying Guest,"  Kukatpally, NH 9",5900,,5900,0,6000,0
VinodPG/Paying Guest,"  Kukatpally, NH 9",5900,,5900,0,0,3900
SagarPG/Paying Guest,"  Kukatpally, NH 9",5900,,5900,7500,0,0
HariPG/Paying Guest,"  Kukatpally, NH 9",5900,,5900,0,0,4500
AbdulPG/Paying Guest,"  Kukatpally, NH 9",6200,,6200,11500,0,0
Shiva PG/Paying Guest,"  Kukatpally, NH 9",6000,,6000,2500,8000,0
Gopal PG/Paying Guest,"  Kukatpally, NH 9",6000,,6000,0,8500,0
Suman PG/Paying Guest,"  Kukatpally, NH 9",5900,,5900,12000,0,0
Sathish PG/Paying Guest,"  Kukatpally, NH 9",6000,,6000,0,12400,0
Teja PG/Paying Guest,"  Kukatpally, NH 9",5900,,5900,13000,0,4800
Chaitanya PG/Paying Guest,"  Kukatpally, NH 9",6000,,6000,0,7000,0
Ramu PG/Paying Guest,"  Kukatpally, NH 9",6000,,6000,14000,0,0
Uma PG/Paying Guest,"  Kukatpally, NH 9",5900,,5900,0,0,4300
Lokesh PG/Paying Guest,"  Kukatpally, NH 9",6000,,6500,12000,23100,0
Chandra PG/Paying Guest,"  Kukatpally, NH 9",5900,,5900,0,5000,0
Madhu PG/Paying Guest,"  Kukatpally, NH 9",5900,,5900,10000,0,0
ADITYA PG/Paying Guest,"  Kukatpally, NH 9",5900,,5900,0,0,5500
Raja PG/Paying Guest,"  Kukatpally, NH 9",6000,,6000,0,10400,5500
Tirumal PG/Paying Guest,"  Kukatpally, NH 9",5900,,5900,8000,0,0
Amogh PG/Paying Guest,"  Kukatpally, NH 9",6000,,6000,0,9800,0
Reddy digital hostel PG/Paying Guest,  Yamnampet,6300,,6300,0,0,5000
Star men's hostel PG/Paying Guest,"  Pocharam, NH 2 2",6800,,6800,9500,7000,0
Sree PG/Paying Guest,"  Kukatpally, NH 9",5900,,5900,0,0,5500
Aparna boys hostel PG/Paying Guest,  Yamnampet,7200,,7200,9000,0,0
Comfort boys hostel PG/Paying Guest,  Yamnampet,6700,,6700,0,3900,0
Divena boys hostel PG/Paying Guest,  Chikkadpally,6900,,6900,11000,0,0
Vanadurga boys hostel PG/Paying Guest,  Kamala Nagar Dilsukhnagar,5900,,5900,6000,5600,4800
Sri sharada boys hostel PG/Paying Guest,  Kamala Nagar Dilsukhnagar,6300,,6300,0,0,0
Dolphins girls hostel PG/Paying Guest,  Kamala Nagar Dilsukhnagar,6300,,6300,12000,5200,0
Sri Ganesh boy hostel PG/Paying Guest,"  Ameerpet, NH 9",6300,,6300,0,0,6000
Sri Sai working women's hostel PG/Paying Guest,"  South Kamala Nagar, Secunderabad",7200,,7200,0,8500,0
Dolphin boys hostel PG/Paying Guest,  Kamala Nagar Dilsukhnagar,6500,,6500,13700,7800,6000
Sri satya Srinivas boys hostel PG/Paying Guest,"  Ameerpet, NH 9",6300,,6300,0,8500,0
Vr men's hostel PG/Paying Guest,"  Ameerpet, NH 9",6800,,6800,0,0,6000
Sree Saki raghandraa women's hostel PG/Paying Guest,  Kamala Nagar Dilsukhnagar,6000,,6000,0,8000,0
My home PG/Paying Guest&women's hostel,  Kamala Nagar Dilsukhnagar,6300,,6300,9100,0,5500
Sri krishnaveni girls hostel PG/Paying Guest,  Yamnampet,5900,,5900,11100,0,0
Sri Ganesh boys hostel PG/Paying Guest,"  Yella Reddy Guda, NH 9",6300,,6300,0,0,5000
Suraj boys hostel PG/Paying Guest,  Narepally,6300,,6300,0,5999,0
Jayalaxmi boys hostel PG/Paying Guest,"  Ghatkesar, NH 2 2",6000,,6000,0,8500,5500
Sri Sai boys hostel PG/Paying Guest,"  Ameerpet, NH 9",6000,,6000,0,0,0
Sri said at ta boys hostel PG/Paying Guest,"  Ameerpet, NH 9",6300,,6300,5900,8000,0
Mansvi PG/Paying Guest,"  Ameerpet, NH 9",6200,,6200,0,0,0
Sri Sai Ganesh ladies hostel PG/Paying Guest,"  Ameerpet, NH 9",6800,,6800,0,0,0
Sri Sai baba boys hostel PG/Paying Guest,"  Ameerpet, NH 9",6000,,6000,9100,8000,0
Sri Sai Ram boys hostel PG/Paying Guest,"  Yella Reddy Guda, NH 9",5900,,5900,0,0,7500
Sri Lalatha girls hostel PG/Paying Guest,"  Ghatkesar, NH 2 2",6800,,6800,0,0,7000
Sri Annapoorneshwari boys hostel PG/Paying Guest,"  Ameerpet, NH 9",6000,,6000,6500,7000,0
Deziny girls hostel PG/Paying Guest,"  Ameerpet, NH 9",6700,,6700,0,0,0
Srinivas boys hostel PG/Paying Guest,"  Ameerpet, NH 9",5900,,5900,0,0,0
Sree boy hostel PG/Paying Guest,"  Yella Reddy Guda, NH 9",5900,,5900,7000,0,0
Tishali boys hostel PG/Paying Guest,"  Ameerpet, NH 9",5200,,5200,0,18000,6500
Sai durga boys hostel PG/Paying Guest,"  Ghatkesar, NH 2 2",5900,,5900,8000,0,0
Sri lalitha girls hostel PG/Paying Guest,"  Ghatkesar, NH 2 2",6800,,6800,0,0,0
Sai ram boys hostel PG/Paying Guest,  BN Reddy Nagar,5500,,5500,0,0,6500
Sri orange Deluxe boy's hostel PG/Paying Guest,  Kharmanghat,5200,,5200,7200,0,0
Anapurna boys hostel PG/Paying Guest,  Kothapet,5200,,5200,0,0,0
Sri Sai RAM boys hostel PG/Paying Guest,"  Ameerpet, NH 9",5900,,5900,0,8500,0
Kamakshi boys hostel PG/Paying Guest,"  Boduppal, NH 2 2",5900,,5900,7000,0,7500
Sai baba ladies hostel PG/Paying Guest,"  Ameerpet, NH 9",6800,,6800,0,15000,0
Sri Sai baba women hostel PG/Paying Guest,"  Ameerpet, NH 9",7200,,7200,7800,4500,8000
Holy family boys hostel PG/Paying Guest,"  Ghatkesar, NH 2 2",5900,,5900,0,0,0
Jayalakshmi mens hostel PG/Paying Guest,"  Annojiguda, NH 2 2",5900,,5900,0,5000,7500
Shreenidhi girls hostel PG/Paying Guest,"  Boduppal, NH 2 2",5900,,5900,13000,0,7000
SSD boys hostel PG/Paying Guest,  Himayatnagar,5900,,5900,12000,6500,0
Shreenidhi PG/Paying Guest,"  Boduppal, NH 2 2",5900,,5900,0,0,0
Goodlands boys hostel PG/Paying Guest,"  Ghatkesar, NH 2 2",5900,,5900,0,6500,0
Siri Reddy boys hostel PG/Paying Guest,"  Ghatkesar, NH 2 2",6800,,6800,11700,0,0
VT naiks boys hostel PG/Paying Guest,  Bapu Nagar Lakdikapul,5600,,5600,0,0,0
Home boys hostel PG/Paying Guest,  Gachibowli,6900,,7500,8000,7000,0
Sri Sai Balaji boys hostel PG/Paying Guest,  Bapu Nagar Lakdikapul,5500,,5500,16500,0,9500
Siri Balaji girls hostel PG/Paying Guest,  Meerpet,5000,,5000,8000,7000,0
Bala tripura sundari girls hostel PG/Paying Guest,  Madhapur,5900,,9100,0,6500,5000
Sri Sai krupa nilayam boys hostel PG/Paying Guest,"  Ameerpet, NH 9",5500,,5500,0,7000,0
Manikanta boys hostel PG/Paying Guest,"  SR Naik Nagar, Suraram",5900,,5900,10400,0,0
V B R boys hostel PG/Paying Guest,"  SR Naik Nagar, Suraram",6800,,6800,10400,7500,0
R R Deluxe boys hostel PG/Paying Guest,"  SR Naik Nagar, Suraram",5600,,5600,0,0,0
Sri venkateshwara deluxe women's hostel PG/Paying Guest,"  Sai Sanjeeva Nagar, Nagaram",6300,,6800,12400,5500,0
Princess luxury ladies hostel PG/Paying Guest,"  Sai Sanjeeva Nagar, Nagaram",5600,,5600,0,5000,0
Data Sai boys hostel PG/Paying Guest,"  Sai Sanjeeva Nagar, Nagaram",7200,,7200,0,0,0
Sai pallavi ladies hostel PG/Paying Guest,"  Sai Sanjeeva Nagar, Nagaram",5500,,5500,0,5000,0
Zolo Styx PG/Paying Guest,  Kukatpally Housg Board Road,8600,,16000,7500,0,0
Zolo Midway PG/Paying Guest,"  Hafeezpet, NH 9",7200,,8500,0,7000,0
Zolo Fortuna PG/Paying Guest,  Gachibowli,7500,,8500,0,0,0
Zolo Cyberwiz PG/Paying Guest,  Gachibowli,8200,,19000,0,0,0
Zolo Sierra PG/Paying Guest,  Kukatpally Housg Board Road,7000,,17000,0,6000,0
Zolo Sterling PG/Paying Guest,  Hitech City,8200,,9500,9000,0,0
Zolo Silverstone PG/Paying Guest,"  Miyapur, NH 9",6500,,7500,9100,7000,0
Colive 504 Garnet PG/Paying Guest,  Gachibowli,5000,,13500,0,0,0
Colive 506 Ruby PG/Paying Guest,  Vattagulapalle,9100,,23400,14300,0,0
Colive 501 Elara PG/Paying Guest,  Vattagulapalle,8500,,23400,17600,8000,0
Delux PG/Paying Guest,  Begumpet,6500,,11700,0,0,0
S V R excutive Mens hostel PG/Paying Guest,  Madhapur,9100,,11700,9500,0,0
Ravi boys hostel PG/Paying Guest,"  Kukatpally, NH 9",5900,,5900,0,9000,0
7 Hills luxury PG/Paying Guest for women,  Madhapur,7000,,7000,0,0,0
AATITHYAM EXECUTIVE MENS HOSTEL PG/Paying Guest,  Madhapur,6500,,9100,19500,0,0
Sai krishna deluxe boys hostel PG/Paying Guest,"  Kukatpally, NH 9",5900,,6500,17600,18000,0
Hitech Guest House and hostel PG/Paying Guest,  Madhapur,2600,,2600,17600,6500,0
Tarnaka deluxe boys PG/Paying Guest,  Tarnaka,5000,,5000,7000,0,0
Vijay Girls hostel PG/Paying Guest,  Chikkadpally,5000,,5000,0,0,0
Sahara boys PG/Paying Guest,"  Ameerpet, NH 9",6500,,7200,0,7500,0
Rose women's hostel PG/Paying Guest,"  Somajiguda, NH 9",7200,,7200,14300,0,0
Sri Venkateswara boys hostel PG/Paying Guest,  Narayanguda,4700,,4700,0,5000,0
Divya Sai boys hostel PG/Paying Guest,  Himayatnagar,5500,,5900,13700,0,0
Vijaya Lotus women's hostel by PG/Paying Guest,  Chikkadpally,4600,,5200,10000,0,0
SRI Laxmi Boys Hostel PG/Paying Guest,"  Lower Tank Bund, NH 7",4600,,5000,0,10000,0
SRI Sai thirumala deluxe boys hostel PG/Paying Guest,  Himayatnagar,6500,,7200,9000,0,0
Kumari girls hostel PG/Paying Guest,  Suraram,5000,,5000,9000,6500,0
Lucky men's hostel PG/Paying Guest,  Himayatnagar,7800,,9100,9000,6500,0
Reddy's boys hostel PG/Paying Guest,  Suraram,5200,,5200,0,0,0
R.V.Boys hostel PG/Paying Guest,"  Nampally, NH 7",5000,,5000,0,7000,0
Madhavi girls hostel PG/Paying Guest,  Suraram,4600,,4600,5200,0,0
Sree balaji mens PG/Paying Guest,"  Lakdikapul, NH 9",5900,,6500,9100,0,0
Avinash boys hostel PG/Paying Guest,  Musheerabad,5900,,6500,0,6500,0
Sri Ananya mens PG/Paying Guest,"  Kukatpally, NH 9",700,,700,5900,0,0
Sri Vaishno boys hostel PG/Paying Guest,  Jawahar Nagar Kavadiguda,7200,,7800,0,5500,0
Akhil boys PG/Paying Guest,"  Kukatpally, NH 9",5900,,5900,0,5500,0
Hamumansai mens PG/Paying Guest,"  Kukatpally, NH 9",5600,,5900,10400,0,0
Abhilash mens PG/Paying Guest,"  Kukatpally Housg Board Colony, NH 9",5900,,5900,9800,6000,0
Hanuman sai mens PG/Paying Guest,"  Lakdikapul, NH 9",5600,,5600,9800,0,0
Harshavardan men's PG/Paying Guest,"  Kukatpally, NH 9",5900,,5900,0,6500,0
Abhiram mens PG/Paying Guest,"  Kukatpally, NH 9",5900,,5900,10000,7000,0
Saharsh women's PG/Paying Guest,  Gachibowli,800,,800,0,0,0
Sri sai hanuman mens PG/Paying Guest,"  Kukatpally, NH 9",5900,,5900,8500,0,0
Sri Laxmi Boys Hostel PG/Paying Guest,  Dilsukhnagar,5200,,5200,0,0,0
Hrudhaya mens PG/Paying Guest,"  Kukatpally, NH 9",5900,,6500,0,5500,0
Sri Sai Sandhya boys hostel PG/Paying Guest,  Dilsukhnagar,4600,,4600,7999,0,0
Sri SaiNath Boys PG/Paying Guest,"  Kukatpally, NH 9",5900,,7200,7500,0,0
Aaradya ladies PG/Paying Guest,"  Kukatpally, NH 9",6500,,6500,0,5500,0
Sri Laxmi Sai boys hostel PG/Paying Guest,"  Chaitanyapuri, Kothapet",5000,,5000,12000,0,0
Surya Kalyani boys hostel PG/Paying Guest,  Dilsukhnagar,5000,,5000,0,0,0
Laxmi tirumala executive men's hostel PG/Paying Guest,  Serilgampalle M,8500,,8500,0,5500,0
Nandini Boys Hostel PG/Paying Guest,  Bhavani Nagar Moosapet,5000,,5200,9000,0,0
Sri manohar inn excutive men’s hostel PG/Paying Guest,  Madhapur,7800,,11700,0,0,0
AradyaExective ladies PG/Paying Guest,"  Kukatpally, NH 9",6500,,6500,0,7000,0
Durga men's PG/Paying Guest,  Gachibowli,8500,,8500,10000,0,0
Sri harini lg for gent's PG/Paying Guest,  Serilgampalle M,7200,,7200,0,0,0
Jivika home stays men's hostel PG/Paying Guest,  Shaikpet,8500,,15000,0,4200,0
Jivika Home stays men's hostel 2 PG/Paying Guest,  Shaikpet,7800,,9100,0,0,0
Jivika Home stays women's hostel-1 PG/Paying Guest,  Shaikpet,8500,,9800,14000,6000,0
S V Men's hostel PG/Paying Guest,  Serilgampalle M,7200,,7200,0,6000,0
@home PG/Paying Guest,  Jubilee Hills,13000,,13000,0,6000,0
Eswar luxury PG/Paying Guest hostel for men's,"  Chhota Anjaiah Nagar, Gachibowli, Outer Rg Road",8500,,8500,0,0,0
Sree nidhi boys hostel PG/Paying Guest,"  Boduppal, NH 2 2",5900,,5900,0,0,0
SVS house PG/Paying Guest,  Jubilee Hills,13000,,13000,0,0,0
Shree nidhi ladies hostel PG/Paying Guest,"  Kranthi Colony, Peerzadiguda",4700,,48000,0,0,0
Sri Sai Durga 1 PG/Paying Guest,  Gachibowli,9800,,9800,0,0,0
Indraprastha PG/Paying Guest men's hostel,  Madhapur,11100,,14300,0,0,0
Angelina men's PG/Paying Guest,"  Chhota Anjaiah Nagar, Gachibowli, Outer Rg Road",7500,,13000,0,0,0
Sri renuka girls delex hostel PG/Paying Guest,"  Peerzadiguda, NH 2 2",4700,,5000,0,0,0
Kavyasree Men's and women's hostel PG/Paying Guest,  Gachibowli,7600,,9500,0,0,0
Sri renuka girls hostel PG/Paying Guest,  Medipally,5200,,5500,0,0,0
